Doctor_Id,Degree
1,M.D
2,M.D
3,M.D
4,M.D
5,D.O.
6,M.D
7,M.D
8,M.D
9,M.D
10,M.D
11,M.D
12,M.D
13,M.D
14,M.D
15,M.D
16,M.D
17,M.D
18,M.D
19,M.D
20,M.D
21,D.O.
22,M.D
23,M.D
24,M.D
25,M.D
26,M.D
27,M.D
28,M.D
29,M.D
30,M.D
31,M.D
32,M.D
33,D.O.
34,M.D
35,M.D
36,M.D
37,M.D
38,M.D
39,M.D
40,M.D
41,M.D
42,M.D
43,M.D
44,M.D
45,M.D
46,M.D
47,D.O.
48,M.D
49,M.D
50,M.D
51,M.D
52,M.D
53,M.D
54,M.D
55,M.D
56,M.D
57,M.D
58,M.D
59,M.D
60,M.D
61,M.D
62,M.D
63,M.D
64,M.D
65,M.D
66,M.D
67,M.D
68,M.D
69,M.D
70,M.D
71,M.D
72,M.D
73,M.D
74,M.D
75,M.D
76,M.D
77,M.D
78,M.D
79,D.O.
80,M.D
81,M.D
82,M.D
83,M.D
84,M.D
85,M.D
86,M.D
87,M.D
88,M.D
89,M.D
90,M.D
91,M.D
92,M.D
93,M.D
94,M.D
95,M.D
96,M.D
97,M.D
98,M.D
99,M.D
100,M.D
101,M.D
102,M.D
103,M.D
104,M.D
105,M.D
106,M.D
107,M.D
108,M.D
109,M.D
110,M.D
111,M.D
112,M.D
113,M.D
114,M.D
115,M.D
116,M.D
117,M.D
118,M.D
119,M.D
120,M.D
121,M.D
122,M.D
123,M.D
124,M.D
125,M.D
126,M.D
127,M.D
128,M.D
129,M.D
130,M.D
131,M.D
132,M.D
133,M.D
134,M.D
135,M.D
136,M.D
137,M.D
138,M.D
139,M.D
140,M.D
141,M.D
142,M.D
143,M.D
144,M.D
145,M.D
146,M.D
147,M.D
148,M.D
149,M.D
150,M.D
151,M.D
152,M.D
153,M.D
154,M.D
155,M.D
156,M.D
157,M.D
158,M.D
159,M.D
160,M.D
161,M.D
162,M.D
163,M.D
164,M.D
165,M.D
166,M.D
167,M.D
168,M.D
169,M.D
170,M.D
171,M.D
172,M.D
173,M.D
174,M.D
175,M.D
176,M.D
177,M.D
178,M.D
179,M.D
180,M.D
181,M.D
182,M.D
183,M.D
184,M.D
185,M.D
186,M.D
187,M.D
188,M.D
189,M.D
190,M.D
191,M.D
192,M.D
193,M.D
194,M.D
195,M.D
196,M.D
197,M.D
198,M.D
199,M.D
200,M.D
201,M.D
202,M.D
203,M.D
204,M.D
205,M.D
206,M.D
207,M.D
208,M.D
209,M.D
210,M.D
211,M.D
212,M.D
213,M.D
214,M.D
215,D.O.
216,M.D
217,M.D
218,M.D
219,M.D
220,M.D
221,M.D
222,M.D
223,M.D
224,M.D
225,M.D
226,M.D
227,M.D
228,M.D
229,M.D
230,M.D
231,M.D
232,M.D
233,M.D
234,M.D
235,M.D
236,M.D
237,M.D
238,M.D
239,M.D
240,M.D
241,M.D
242,M.D
243,M.D
244,M.D
245,M.D
246,M.D
247,M.D
248,M.D
249,M.D
250,M.D
251,M.D
252,M.D
253,M.D
254,M.D
255,M.D
256,M.D
257,M.D
258,M.D
259,M.D
260,M.D
261,M.D
262,M.D
263,M.D
264,M.D
265,M.D
266,M.D
267,M.D
268,M.D
269,M.D
270,M.D
271,M.D
272,M.D
273,M.D
274,M.D
275,M.D
276,M.D
277,M.D
278,M.D
279,M.D
280,M.D
281,M.D
282,M.D
283,M.D
284,M.D
285,M.D
286,M.D
287,M.D
288,M.D
289,M.D
290,M.D
291,M.D
292,M.D
293,M.D
294,M.D
295,D.O.
296,M.D
297,M.D
298,M.D
299,M.D
300,D.O.
